IAGA,GEOLON,GEOLAT,AACGMLON,AACGMLAT,STATION-NAME,OPERATOR-NUM,OPERATORS
SON,66.44,25.12,138.91,19.49,Sonmiani,1,INTERMAGNET
AMU,210.13,61.24,-95.43,61.22,Anchorage,1,THEMIS
YKC,245.52,62.48,-59.64,69.53,Yellowknife,3,CANMOS,INTERMAGNET,THEMIS
CBB,254.97,69.12,-51.68,77.24,Cambridge Bay,2,CANMOS,INTERMAGNET
RES,265.11,74.69,-41.38,83.29,Resolute Bay,2,CANMOS,INTERMAGNET
BLC,263.99,64.32,-32.95,74.05,Baker Lake,2,CANMOS,INTERMAGNET
MEA,246.65,54.62,-54.40,62.10,Meanook,2,CANMOS,INTERMAGNET
SIT,224.67,57.06,-79.93,59.92,Sitka,2,INTERMAGNET,USGS
PBQ,282.26,55.28,-1.13,65.83,Poste de la Baleine,2,CANMOS,INTERMAGNET
MEK,30.97,62.77,108.45,58.90,Mekrijaervi,2,IMAGE,EMMA
STJ,307.32,47.60,31.24,53.68,St Johns,2,CANMOS,INTERMAGNET
ALE,297.50,82.50,100.15,87.20,Alert,2,CANMOS,INTERMAGNET
LRV,338.30,64.18,67.25,64.85,Leirvogur,1,INTERMAGNET
BOU,254.76,40.14,-40.51,49.14,Boulder,2,INTERMAGNET,USGS
FRN,240.28,37.09,-56.48,43.01,Fresno,2,INTERMAGNET,USGS
VIC,236.58,48.52,-63.97,53.83,Victoria,2,CANMOS,INTERMAGNET
NEW,242.88,48.27,-56.80,54.92,Newport,2,INTERMAGNET,USGS
LOV,17.83,59.35,96.06,55.74,Lovo,1,INTERMAGNET
LER,358.82,60.13,81.15,57.85,Lerwick,3,BGS,SAMNET,INTERMAGNET
VAL,349.75,51.93,70.52,49.81,Valentia,1,INTERMAGNET
HAD,355.52,50.98,74.79,48.12,Hartland,3,BGS,SAMNET,INTERMAGNET
ESK,356.80,55.32,77.39,52.86,Eskdalemuir,3,BGS,SAMNET,INTERMAGNET
MAB,5.68,50.30,82.81,46.66,Manhay,1,INTERMAGNET
DOU,4.60,50.10,81.86,46.48,Dourbes,1,INTERMAGNET
BFE,11.67,55.62,89.54,52.14,Brorfelde,3,DTUSpace,INTERMAGNET,TROMSOE
CLF,2.27,48.02,79.35,44.12,Chambon la foret,2,INTERMAGNET,BCMT
OTT,284.45,45.40,1.21,55.93,Ottawa,2,CANMOS,INTERMAGNET
WNG,9.07,53.75,86.73,50.29,Wingst,2,GFZ,INTERMAGNET
VRE,292.38,-17.28,3.22,-4.89,Villa Remedios,1,GFZ
SHE,354.27,-15.95,62.56,-22.89,St. Helena,1,GFZ
SMA,334.87,36.99,55.27,31.82,Santa Maria/Azoren,1,GFZ
PNL,303.83,-16.68,13.52,-7.38,Pantanal,1,GFZ
THY,17.54,46.90,92.02,42.49,Tihany,2,INTERMAGNET,EMMA
BEL,20.80,51.83,96.09,47.84,Belsk,2,INTERMAGNET,EMMA
FUR,11.28,48.17,86.91,44.01,Furstenfeldbruk,1,INTERMAGNET
NGK,12.68,52.07,89.20,48.33,Niemegk,2,GFZ,INTERMAGNET
BDV,14.02,49.07,89.49,44.99,Budkov,1,INTERMAGNET
FRD,282.63,38.20,-2.13,49.08,Fredericksburg,2,INTERMAGNET,USGS
CRP,275.09,10.44,-13.98,21.88,Chiripa,1,INTERMAGNET
HYB,78.60,17.40,150.86,10.37,Hyderabad,2,GFZ,INTERMAGNET
IPM,250.58,-27.20,-33.24,-19.83,Isla de Pascua,2,INTERMAGNET,BCMT
KMH,18.11,-26.54,84.80,-36.72,Keetmanshoop,2,GFZ,INTERMAGNET
NMP,39.25,-15.09,109.77,-25.18,Nampula,1,INTERMAGNET
DED,211.21,70.36,-101.79,70.57,Deadhorse,2,INTERMAGNET,USGS
KEP,323.51,-54.28,25.00,-44.07,King Edward Point,2,INTERMAGNET,BGS
CDP,256.30,31.00,-37.26,40.09,Chengdu,1,INTERMAGNET
DMC,235.83,-75.25,-15.83,-65.18,Dome Concordia,2,INTERMAGNET,BCMT
LON,16.66,45.41,90.92,40.72,Lonjsko Polje,1,INTERMAGNET
SPG,29.72,60.54,106.51,56.62,Saint Petersburg,1,INTERMAGNET
TAB,291.18,76.54,28.31,84.53,Thule Air Base,1,DTUSpace
ROE,8.55,55.17,86.80,51.83,Roemoe,2,DTUSpace,TROMSOE
THL,290.77,77.47,30.94,85.35,Qaanag,2,DTUSpace,INTERMAGNET
SVS,294.90,76.02,34.33,83.61,Savissivik,1,DTUSpace
KUV,302.82,74.57,43.51,81.20,Kullorsuaq,1,DTUSpace
UPN,303.85,72.78,41.35,79.45,Upernavik,1,DTUSpace
UMQ,307.87,70.68,43.52,76.84,Uummannaq,1,DTUSpace
GDH,306.47,69.25,40.09,75.73,Godhavn,2,DTUSpace,INTERMAGNET
ATU,306.43,67.93,38.76,74.47,Attu,1,DTUSpace
STF,309.28,67.02,41.46,73.06,Kangerlussuaq,1,DTUSpace
SKT,307.10,65.42,37.63,71.89,Maniitsoq,1,DTUSpace
GHB,308.27,64.17,38.22,70.43,Nuuk,1,DTUSpace
FHB,310.32,62.00,39.35,67.82,Paamiut,1,DTUSpace
NAQ,314.56,61.16,43.54,66.08,Narssarssuaq,2,DTUSpace,INTERMAGNET
NRD,343.33,81.60,104.81,81.11,Nord,1,DTUSpace
DMH,341.37,76.77,86.17,77.30,Danmarkshavn,1,DTUSpace
DNB,339.78,74.30,79.74,75.15,Daneborg,1,DTUSpace
SCO,338.03,70.48,72.73,71.56,Ittoqqortoormiit,1,DTUSpace
AMK,322.37,65.60,54.24,69.15,Tasiilaq,1,DTUSpace
MCN,322.38,73.93,64.54,77.42,Magic1 north,1,DTUSpace
MCE,326.10,72.40,65.25,75.35,Magic1 east,1,DTUSpace
MCW,317.41,72.00,56.25,76.43,Magic1 west,1,DTUSpace
MCG,321.65,72.60,61.44,76.28,Magic2 GISP,1,DTUSpace
MCR,313.71,66.48,46.07,71.69,Magic2 Raven,1,DTUSpace
TDC,347.69,-37.10,48.53,-39.13,Tristan de Cunha,4,DTUSpace,INTERMAGNET,TROMSOE,GFZ
SUM,321.70,72.30,61.00,75.99,Summit,2,DTUSpace,THEMIS
HOV,353.20,61.50,77.47,59.91,Faroe Island,2,DTUSpace,THEMIS
GIM,265.36,56.38,-28.33,66.78,Gillam,3,CARISMA,THEMIS,CANOPUS
TAL,266.45,69.54,-31.56,78.95,Taloyoak,1,CARISMA
CNL,248.75,65.75,-57.69,73.18,Contwoyto Lake,1,CARISMA
DAW,220.89,64.05,-87.68,66.14,Dawson City,1,CARISMA
EKP,265.95,61.11,-28.47,71.27,Eskimo Point,2,CARISMA,CANOPUS
FCC,265.91,58.76,-27.94,69.08,Fort Churchill,4,CARISMA,CANOPUS,INTERMAGNET,CANMOS
FMC,248.79,56.66,-52.44,64.53,Fort McMurray,2,CARISMA,BGS
FSP,238.77,61.76,-67.48,67.51,Fort Simpson,2,CARISMA,THEMIS
SMI,248.07,60.03,-54.90,67.67,Fort Smith,2,CARISMA,THEMIS
ISL,265.34,53.86,-27.93,64.37,Island Lake,2,CARISMA,CANOPUS
PIN,263.96,50.20,-29.49,60.67,Pinawa,3,CARISMA,THEMIS,CANOPUS
RAL,256.32,58.22,-42.61,67.38,Rabbit Lake,1,CARISMA
RAN,267.89,62.82,-25.67,73.00,Rankine Inlet,3,CARISMA,THEMIS,CANOPUS
NOR,25.79,71.09,109.43,67.70,Nordkapp,2,TROMSOE,IMAGE
NAL,11.95,78.92,111.27,76.25,New Aalesund,2,TROMSOE,IMAGE
LYR,15.83,78.20,112.12,75.31,Longyearbyen,2,TROMSOE,IMAGE
JAN,351.30,70.90,83.50,70.22,Jan Mayen,1,TROMSOE
HOP,25.01,76.51,115.24,73.13,Hopen Island,2,TROMSOE,IMAGE
BJN,19.20,74.50,108.24,71.50,Bear Island,2,TROMSOE,IMAGE
SOR,22.22,70.54,106.21,67.30,Soeroeya,2,TROMSOE,IMAGE
TRO,18.94,69.66,102.95,66.55,Tromso,2,TROMSOE,IMAGE
AND,16.03,69.30,100.42,66.34,Andenes,2,TROMSOE,IMAGE
JCK,16.98,66.40,99.02,63.22,Jaeckvik,2,TROMSOE,IMAGE
DON,12.50,66.11,95.33,63.17,Doenna,2,TROMSOE,IMAGE
RVK,10.99,64.94,93.40,62.02,Roervik,2,TROMSOE,IMAGE
DOB,9.11,62.07,90.28,59.08,Dombas,2,TROMSOE,IMAGE
SOL,4.84,61.08,86.39,58.34,Solund,2,TROMSOE,IMAGE
KAR,5.24,59.21,85.79,56.32,Karmoey ,2,TROMSOE,IMAGE
HRN,15.60,77.00,109.62,74.19,Hornsund,2,IMAGE,INTERMAGNET
ALT,22.96,69.86,106.20,66.56,Alta,1,IMAGE
KEV,27.01,69.76,109.27,66.28,Kevo,2,IMAGE,EMMA
MAS,23.70,69.46,106.46,66.11,Masi,2,IMAGE,EMMA
KIL,20.77,69.06,103.87,65.83,Kilpisjarvi,3,IMAGE,EMMA,SAMNET
KAU,23.05,69.02,105.61,65.68,Kautokeino,1,IMAGE
IVA,27.29,68.56,108.61,65.03,Ivalo,2,IMAGE,EMMA
ABK,18.82,68.35,101.82,65.18,Abisko,2,IMAGE,INTERMAGNET
LEK,13.54,68.13,97.58,65.25,Leknes,1,IMAGE
MUO,23.53,68.02,105.26,64.61,Muonio,2,IMAGE,EMMA
LOZ,35.02,67.97,114.46,64.19,Lovozero,2,IMAGE,AARI
KIR,20.42,67.84,102.69,64.56,Kiruna,1,IMAGE
SOD,26.63,67.37,107.29,63.81,Sodankyla,2,IMAGE,INTERMAGNET
PEL,24.08,66.90,104.95,63.42,Pello,2,IMAGE,EMMA
LYC,18.75,64.61,99.33,61.23,Lycksele,2,IMAGE,INTERMAGNET
OUJ,27.23,64.52,106.15,60.82,Oulujarvi,2,IMAGE,SAMNET
HAN,26.60,62.25,104.56,58.46,Hankasalmi,3,IMAGE,EMMA,SAMNET
NUR,24.65,60.50,102.20,56.70,Nurmijarvi,4,IMAGE,EMMA,SAMNET,INTERMAGNET
UPS,17.35,59.90,95.90,56.34,Uppsala,3,IMAGE,SAMNET,INTERMAGNET
TAR,26.46,58.26,102.92,54.33,Tartu,2,IMAGE,EMMA
BRW,203.38,71.32,-108.87,70.28,Barrow,3,GIMA,USGS,INTERMAGNET
KAV,216.35,70.14,-97.33,71.22,Kaktovik,2,GIMA,INTERMAGNET
KOT,197.40,66.88,-109.17,64.91,Kotzebue,2,GIMA,210MM
ARC,214.44,68.12,-96.79,68.94,Arctic Village,1,GIMA
INK,226.23,68.41,-86.48,71.38,Inuvik,3,GIMA,AUTUMN,THEMIS
BET,208.45,66.90,-100.64,66.69,Bettles,1,GIMA
FYU,214.78,66.56,-95.10,67.46,Fort Yukon,2,GIMA,THEMIS
EAG,218.84,64.78,-90.10,66.46,Eagle,1,GIMA
CMO,212.14,64.87,-96.03,65.29,College,3,GIMA,USGS,INTERMAGNET
CGO,212.14,64.87,-96.03,65.30,College Intl Geophys Observatory,2,THEMIS,GIMA
GAK,214.87,62.39,-92.01,63.30,Gakona,2,GIMA,THEMIS
TLK,209.90,63.30,-96.85,63.29,Talkeetna,1,GIMA
CPY,235.30,70.20,-79.35,74.75,Cape Perry,1,GIMA
PKR,212.57,65.12,-95.85,65.62,Poker Flat,1,GIMA
DIK,80.70,73.53,156.20,68.69,Dixon,3,RAPIDMAG,GIMA,AARI
CCS,104.28,77.72,175.73,72.01,Chelyuskin,3,RAPIDMAG,GIMA,AARI
TIK,128.92,71.59,-162.72,66.05,Tixie,5,RAPIDMAG,GIMA,210MM,AARI,INTERMAGNET
CWE,190.17,66.17,-114.01,63.17,Wellen,1,AARI
ARK,40.50,64.60,117.36,60.66,Arkhangelsk,1,AARI
AAE,38.77,9.03,110.54,0.77,Addis Ababa,3,INTERMAGNET,BCMT,MAGDAS
ABG,72.87,18.62,145.25,12.05,Alibag,2,GFZ,INTERMAGNET
AMS,77.57,-37.80,138.67,-49.11,Martin de Vivias,2,INTERMAGNET,BCMT
API,188.22,-13.80,-97.53,-15.54,Apia,1,INTERMAGNET
ASP,133.88,-23.77,-152.89,-33.95,Alice Springs,2,INTERMAGNET,AUS
BMT,116.20,40.30,-171.24,34.70,Beijing Ming Tombs,1,INTERMAGNET
BNG,18.57,4.33,90.20,-4.70,Bangui,2,INTERMAGNET,BCMT
BSL,270.36,30.35,-19.55,41.47,Bay St Louis,2,INTERMAGNET,USGS
CNB,150.70,-34.10,-131.97,-43.68,Canberra,1,INTERMAGNET
CAN,149.36,-35.31,-133.21,-45.18,Canberra,3,210MM,AUS,MAGDAS
CZT,51.87,-46.43,106.16,-53.05,Port Alfred,2,INTERMAGNET,BCMT
DLR,259.08,29.49,-33.77,39.06,Del Rio,1,INTERMAGNET
DRV,140.01,-66.67,-124.41,-80.47,Dumont Durville,2,INTERMAGNET,BCMT
EYR,172.40,-43.40,-103.64,-50.00,Eyrewell,1,INTERMAGNET
GNA,116.00,-31.80,-173.01,-44.14,Gnangara,2,INTERMAGNET,AUS
GUA,144.87,13.59,-144.21,6.20,Guam,3,INTERMAGNET,USGS,210MM
GUI,343.57,28.32,60.65,14.17,Guimar,1,INTERMAGNET
HBK,27.71,-25.88,95.07,-36.20,Hartebeesthoek,1,INTERMAGNET
HER,19.23,-34.43,82.55,-42.07,Hermanus,3,INTERMAGNET,EMMA,MAGDAS
HLP,18.82,54.61,95.19,50.79,Hel,2,INTERMAGNET,EMMA
HON,202.00,21.32,-90.19,21.45,Honolulu,2,INTERMAGNET,USGS
HRB,18.19,47.86,92.81,43.58,Hurbanovo,2,INTERMAGNET,EMMA
IQA,291.48,63.75,15.00,72.90,Iqaluit,2,CANMOS,INTERMAGNET
IRT,104.45,52.17,177.24,47.40,Irkutsk,2,INTERMAGNET,210MM
ISK,29.06,41.07,101.58,35.95,Kandilli,1,INTERMAGNET
KAK,140.18,36.23,-148.23,29.38,Kakioka,1,INTERMAGNET
KOU,307.27,5.21,23.34,9.33,Kourou,2,INTERMAGNET,BCMT
LNP,121.17,25.00,-167.06,18.28,Lunping,2,210MM,INTERMAGNET
MBO,343.03,14.38,57.85,0.11,Mbour,2,INTERMAGNET,BCMT
MMB,144.19,43.91,-144.52,37.13,Memambetsu,1,INTERMAGNET
NCK,16.72,47.63,91.47,43.33,Nagycenk,3,SEGMA,INTERMAGNET,EMMA
MZH,117.40,49.60,-169.75,44.30,Manzaoli,1,Unknown
PAF,70.26,-49.35,122.10,-58.49,Port aux Francias,2,INTERMAGNET,BCMT
PHU,105.95,21.03,177.68,14.10,Phuthuy,2,INTERMAGNET,BCMT
PPT,210.42,-17.57,-74.80,-16.57,Pamatai,2,INTERMAGNET,BCMT
SBA,166.78,-77.85,-33.34,-79.91,Scott Base,1,INTERMAGNET
SJG,293.85,18.11,10.32,28.46,San Juan,2,INTERMAGNET,USGS
SPT,355.65,39.55,72.03,32.35,San Pablo Toledo,1,INTERMAGNET
SUA,26.25,45.32,99.57,40.78,Surlari,2,GFZ,INTERMAGNET
TAM,5.53,22.79,78.31,6.81,Tamanrasset,2,INTERMAGNET,BCMT
TAN,47.55,-18.92,116.75,-28.85,Antananarivo,2,INTERMAGNET,BCMT
TUC,249.27,32.17,-45.52,39.84,Tucson,2,INTERMAGNET,USGS
VSS,316.35,-22.40,23.07,-17.21,Vassouras,2,INTERMAGNET,GFZ
KIV,30.30,50.72,104.31,46.55,Kiev,1,INTERMAGNET
LNN,30.70,59.95,107.14,55.99,Leningrad,1,Unknown
NKK,62.12,45.77,134.50,41.43,Novokazalinsk,1,Unknown
MNK,27.88,54.50,103.03,50.45,Minsk,1,IZMIRAN
ODE,30.88,46.78,104.12,42.43,Odessa,2,GFZ,IZMIRAN
TUL,264.22,35.92,-27.83,46.46,Tulsa,1,Unknown
ASH,58.10,37.95,130.38,33.36,Ashkabad,1,Unknown
TOL,355.95,39.88,72.33,32.87,Toledo,1,Unknown
NVS,82.90,55.03,155.56,50.81,Novosibirsk,1,INTERMAGNET
KGD,73.08,49.82,145.53,45.54,Karaganda,1,Unknown
AAA,76.92,43.25,149.27,38.60,Alma Ata,1,INTERMAGNET
TKT,69.62,41.33,141.98,36.71,Tashkent,1,Unknown
LVV,23.75,49.90,98.22,45.76,Lvov,1,INTERMAGNET
RSV,12.45,55.85,90.27,52.34,Rude Skov,1,INTERMAGNET
MOS,37.31,55.48,111.71,51.34,Moscow,1,IZMIRAN
YSS,142.72,46.95,-145.87,40.30,Yuzhno Sakhalinsk,1,AARI
HIS,58.05,80.62,144.18,75.51,Heiss Island,1,AARI
ZGN,123.26,66.75,-165.86,61.42,Zhigansk,2,210MM,MAGDAS
YAK,129.72,60.02,-158.67,54.46,Yakutsk,4,GFZ,210MM,INTERMAGNET,MAGDAS
PPI,131.73,42.98,-155.90,36.72,Popov Island,1,210MM
BJI,116.18,40.06,-171.27,34.45,Beijing,1,210MM
BOX,38.97,58.03,113.83,53.94,Barok,3,210MM,INTERMAGNET,BCMT
MUT,121.02,14.37,-167.55,7.10,Muntinlupa,2,210MM,MAGDAS
PTN,109.25,-0.05,-179.14,-8.26,Pontianak,2,210MM,MAGDAS
WTK,112.63,-7.56,-175.72,-16.41,Watukosek,1,210MM
LRM,115.00,-21.00,-173.43,-31.83,Learmonth,2,INTERMAGNET,AUS
KAT,117.62,-33.68,-171.25,-46.20,Katanning,1,210MM
KTN,137.71,75.94,-158.68,70.28,Kotelnyy,1,210MM
CHD,147.89,70.62,-147.39,65.13,Chokurdakh,2,210MM,MAGDAS
ZYK,150.78,65.75,-142.63,60.10,Zyryanka,1,210MM
MGD,150.86,59.97,-140.61,53.91,Magadan,4,GFZ,210MM,INTERMAGNET,MAGDAS
MSR,142.27,44.37,-146.22,37.66,Moshiri,1,210MM
ONW,141.47,38.43,-147.00,31.60,Onagawa,2,210MM,MAGDAS
KAG,130.72,31.48,-157.35,24.79,Kagoshima,1,210MM
YMK,130.62,31.19,-157.46,24.49,Yamakawa,1,210MM
CBI,142.30,27.15,-146.57,20.00,Chichijima,1,210MM
YAP,138.50,9.30,-150.35,1.72,Yap,2,210MM,MAGDAS
KOR,134.50,7.33,-154.27,-0.32,Koror,1,210MM
BIK,136.05,-1.08,-152.42,-9.15,Biak,2,210MM,MAGDAS
WEW,143.62,-3.55,-144.46,-11.61,Wewak,1,210MM
DRW,130.90,-12.40,-157.02,-21.44,Darwin,3,210MM,AUS,MAGDAS
WEP,141.88,-12.68,-145.43,-21.55,Weipa,1,210MM
BSV,139.21,-25.54,-146.77,-35.55,Birdsville,1,210MM
DAL,151.20,-27.18,-133.03,-36.22,Dalby,1,210MM
ADL,138.65,-34.67,-146.01,-45.73,Adelaide,1,210MM
CPS,180.63,68.88,-122.73,64.99,Cape Schmidt,3,AARI,210MM,IZMIRAN
EWA,202.00,21.32,-90.19,21.45,Ewa Beach,2,210MM,MAGDAS
ASA,170.70,-14.28,-114.78,-19.14,American Samoa,1,210MM
MCQ,158.95,-54.50,-111.91,-64.48,Macquarie Island,4,210MM,INTERMAGNET,AUS,MAGDAS
CKA,73.60,68.50,148.40,64.20,Cape Kamenniy,1,Unknown
AMD,61.21,69.60,137.66,65.40,Amderma,3,RAPIDMAG,GIMA,AARI
LOP,33.08,68.25,113.05,64.53,Lop,1,Unknown
MBC,240.64,76.32,-86.64,80.90,Mould Bay,2,CANMOS,INTERMAGNET
VIZ,76.54,79.30,155.58,73.88,Vieze Island,1,AARI
PBK,170.90,70.08,-130.43,65.47,Pebek,2,AARI,GIMA
PGC,294.20,66.10,20.27,74.74,Pangnirtung,1,MACCS
CY0,291.40,70.50,18.56,79.18,Clyde River,1,MACCS
CDC,283.40,64.20,1.72,74.18,Cape Dorset,1,MACCS
CHC,276.00,64.35,-11.50,74.63,Coral Harbour,1,MACCS
GHC,264.15,68.63,-35.24,77.94,Gjoa Haven,1,MACCS
IGC,278.20,69.30,-7.60,79.08,Igloolik,1,MACCS
PBC,270.30,68.50,-23.34,78.26,Pelly Bay,1,MACCS
RPB,273.77,66.52,-15.96,76.59,Repulse Bay,1,MACCS
NAN,298.30,56.40,22.44,64.57,Nain,2,MACCS,THEMIS
AIA,295.74,-65.25,9.12,-50.06,Faraday Islands,1,INTERMAGNET
ASC,345.62,-7.95,55.95,-9.74,Ascension Island,2,BGS,INTERMAGNET
VOS,106.87,-78.45,55.33,-83.55,Vostok,2,INTERMAGNET,AARI
CSY,110.53,-66.28,156.79,-80.74,Casey,2,INTERMAGNET,AUS
CTA,146.30,-20.10,-139.72,-29.22,Charters Towers,2,INTERMAGNET,AUS
DVS,77.97,-68.58,100.14,-74.50,Davis,3,INTERMAGNET,AUS,MAGDAS
GLN,262.88,49.65,-31.00,60.00,Glenlea,2,CANMOS,INTERMAGNET
HTY,139.80,33.12,-148.69,26.19,Hatizyo,1,INTERMAGNET
KDU,132.47,-12.69,-155.36,-21.74,Kakadu,2,INTERMAGNET,AUS
KNY,130.88,31.42,-157.20,24.72,Kanoya,1,INTERMAGNET
MAW,62.88,-67.61,90.15,-70.05,Mawson,2,INTERMAGNET,AUS
MIR,93.02,-66.55,123.19,-77.24,Mirny,2,INTERMAGNET,AARI
PST,302.11,-51.70,10.51,-37.97,Port Stanley,2,BGS,INTERMAGNET
TSU,17.70,-19.22,86.75,-30.09,Tsumeb,2,INTERMAGNET,EMMA
HUA,284.67,-12.05,-3.71,0.62,Huancayo,1,INTERMAGNET
LIV,299.61,-62.66,10.70,-47.77,Livingston Island,1,INTERMAGNET
TRW,294.68,-43.25,4.95,-29.38,Trelew,1,INTERMAGNET
AQU,13.32,42.38,87.38,36.78,LAquila,4,SEGMA,INTERMAGNET,EMMA,MAGDAS
MID,182.62,28.21,-110.04,25.23,Midway,1,INTERMAGNET
LMM,32.58,-25.92,99.95,-36.13,Maputo,1,INTERMAGNET
LZH,103.85,36.09,176.08,30.52,Lanzhou,2,INTERMAGNET,BCMT
QSB,35.64,33.87,107.38,27.79,Qsaybeh,2,INTERMAGNET,BCMT
TND,124.95,1.29,-163.64,-6.52,Tondano,1,INTERMAGNET
EBR,0.49,40.82,76.20,34.24,Ebro,1,INTERMAGNET
TEO,260.82,19.75,-30.79,29.22,Teoloyucan,1,INTERMAGNET
LEM,147.50,-42.30,-133.37,-53.22,Lemont,1,210MM
RIK,143.76,43.48,-144.90,36.70,Rikubetsu,1,210MM
CLK,285.00,44.70,1.93,55.18,Clarkson,1,MEASURE
APL,283.12,39.17,-1.34,49.98,Applied Physics Lab,1,MEASURE
DSO,278.60,36.25,-7.99,47.45,Darsky,1,MEASURE
USC,278.54,33.34,-8.30,44.61,U of South Carolina,1,MEASURE
JAX,278.40,30.35,-8.73,41.70,Jacksonville,1,MEASURE
FIT,279.05,28.07,-8.04,39.47,Bullcreek,1,MEASURE
GTF,288.05,43.62,6.12,53.70,Grafton,1,MEASURE
MSH,288.52,42.60,6.64,52.64,Millstone Hill,1,MEASURE
FAR,352.98,62.05,77.61,60.53,Faroes,1,SAMNET
BOR,38.33,58.03,113.25,53.94,Borok,1,SAMNET
CRK,357.36,57.09,78.57,54.73,Crooktree,1,SAMNET
GML,356.32,57.16,77.78,54.90,Gleenmore Lodge,1,SAMNET
HLL,339.44,63.77,67.90,64.23,Hella,1,SAMNET
KVI,17.63,59.50,95.96,55.91,Kvistaberg,1,SAMNET
LAN,357.23,54.01,77.22,51.39,Lancaster,1,SAMNET
S01,13.36,64.37,94.91,61.26,Nordli,1,SAMNET
OUL,25.85,65.10,105.33,61.47,Oulu,1,SAMNET
YOR,358.95,53.95,78.57,51.18,York,1,SAMNET
PUT,290.50,-18.33,1.49,-5.65,Putre,1,SAMBA
ANT,289.76,-23.39,0.72,-10.39,Antofagasta,1,SAMBA
SER,288.87,-30.00,0.13,-16.58,La Serena,1,SAMBA
CER,289.40,-33.45,0.68,-19.84,Los Cerrillos,1,SAMBA
VLD,286.86,-39.48,-0.59,-25.44,Valdivia,1,SAMBA
OSO,286.91,-40.34,-0.46,-26.25,Osorno,1,SAMBA
PNT,289.10,-53.20,2.79,-38.45,Puerto Natales,1,SAMBA
ESC,301.08,-62.18,11.44,-47.40,Escudero,1,SAMBA
OHI,302.10,-63.32,12.23,-48.52,OHiggins,1,SAMBA
PAC,289.91,-40.34,1.55,-26.32,Punta Arenas,1,SAMBA
ENP,289.10,-52.13,2.60,-37.43,San Gregorio,1,SAMBA
FSJ,238.15,56.25,-65.26,61.96,Fort St. John,1,AUTUMN
EDM,246.70,53.30,-53.86,60.80,Edmonton,1,AUTUMN
FVE,243.98,58.37,-59.31,65.26,Fort Vermilion,1,AUTUMN
LET,247.13,49.64,-52.15,57.21,Lethbridge,1,AUTUMN
RED,246.16,52.14,-54.14,59.53,Red Deer,1,AUTUMN
ROT,245.87,51.07,-54.14,58.39,Rothney,1,AUTUMN
SAS,253.60,52.80,-44.74,61.64,Saskatoon,1,AUTUMN
VLO,282.24,48.19,-1.75,58.91,Val-dOr,1,AUTUMN
MCM,166.67,-77.85,-33.34,-79.93,McMurdo Station,1,PENGUIN
SPA,0.00,-90.00,19.01,-74.08,South Pole Station,1,PENGUIN
ELT,34.95,29.67,106.51,22.47,Eilat,1,INTERMAGNET
GZH,113.34,23.09,-174.93,16.37,Guangzhou,1,INTERMAGNET
MLT,30.89,29.52,102.45,21.44,Misallat,1,INTERMAGNET
PAL,295.95,-64.77,9.12,-49.62,Palmer,1,SAMBA
NOK,88.10,69.40,161.89,64.77,NOK,2,RAPIDMAG,GIMA
HLM,210.13,61.24,-95.43,61.21,HLMS,1,GIMA
HOM,209.53,59.70,-95.12,59.51,Homer,1,GIMA
TRP,150.24,62.67,-141.89,56.82,Trapper,1,GIMA
BGY,35.09,31.72,106.73,25.05,Bar Gyora,1,INTERMAGNET
ESA,141.36,39.24,-147.08,32.44,Esashi,1,INTERMAGNET
GCK,20.77,44.63,94.44,39.86,Grocka,1,INTERMAGNET
KNZ,48.85,55.83,122.44,51.70,Zaymishche,1,INTERMAGNET
MIZ,141.20,39.11,-147.23,32.31,Mizusawa,1,INTERMAGNET
SFS,354.06,36.67,70.25,27.56,San Fernando,1,INTERMAGNET
SHU,199.54,55.35,-101.53,53.06,Shumagin,2,INTERMAGNET,USGS
BFO,8.33,48.33,84.46,44.27,Black Forest,1,INTERMAGNET
MSK,34.52,52.69,108.57,48.53,MSK,1,INTERMAGNET
B11,336.58,-77.51,30.06,-63.22,m78-337,1,BAS
B12,335.88,-79.08,29.08,-64.46,m79-336,1,BAS
B14,337.74,-80.89,28.81,-66.10,m81-338,1,BAS
B15,2.97,-81.49,36.68,-68.39,m82-003,1,BAS
B17,347.76,-82.90,30.34,-68.35,m83-348,1,BAS
B18,336.14,-84.35,25.84,-69.03,m84-336,1,BAS
B19,2.06,-85.36,30.03,-71.04,m85-002,1,BAS
B20,95.98,-85.36,30.19,-77.75,m85-096,1,BAS
B21,28.41,-87.00,29.01,-73.32,m87-028,1,BAS
B22,68.17,-86.51,30.76,-75.50,m87-069,1,BAS
B23,316.13,-88.03,19.86,-72.13,m88-316,1,BAS
B03,291.88,-67.57,7.66,-52.28,m67-292,1,BAS
M01,263.55,46.87,-29.68,57.35,Glyndon,1,McMAC
M02,266.75,45.56,-24.93,56.39,Cambridge,1,McMAC
M03,264.40,43.60,-28.15,54.20,Worthington,1,McMAC
M04,263.84,41.36,-28.74,51.89,Bennington,1,McMAC
M05,263.70,38.50,-28.70,49.00,Americus,1,McMAC
M06,262.60,35.00,-29.89,45.30,Purcell,1,McMAC
M07,263.25,32.98,-28.90,43.34,Richardson,1,McMAC
M08,261.39,29.44,-30.96,39.42,San Antonio,1,McMAC
M09,262.20,26.40,-29.74,36.42,Lyford,1,McMAC
M10,260.40,24.80,-31.74,34.44,Linares,1,McMAC
M11,256.90,20.70,-35.26,29.45,Juriquilla,1,McMAC
B01,296.52,-64.82,9.44,-49.68,m65-297,1,BAS
B02,294.00,-66.03,8.37,-50.79,m66-294,1,BAS
B04,41.08,-68.58,73.59,-65.98,m68-041,1,BAS
B05,41.32,-69.29,72.66,-66.43,m69-041,1,BAS
B06,39.40,-69.67,70.90,-66.29,m70-039,1,BAS
B07,44.28,-70.70,72.17,-67.78,m70-044,1,BAS
B08,159.03,-72.77,-67.25,-80.46,m73-159,1,BAS
B09,42.99,-74.01,65.37,-69.34,m74-043,1,BAS
B10,39.71,-77.32,57.01,-70.47,m77-040,1,BAS
B24,77.77,-71.67,90.53,-76.03,m72-078,1,BAS
B13,77.00,-80.00,56.47,-77.71,m80-077,1,BAS
B16,347.06,-82.78,30.27,-68.21,m83-347,1,BAS
B27,3.00,-81.00,37.38,-68.05,m81-003,1,BAS
KTB,100.32,-0.20,171.95,-8.98,Kototabang,1,210MM
JCO,211.20,70.36,-101.79,70.56,Jim Carrigan,1,BGS
SBL,299.99,43.93,21.93,51.74,Sable Carrigan,2,BGS,INTERMAGNET
C02,265.79,57.71,-27.90,68.08,Back Lake,1,CARISMA
C13,239.97,51.88,-61.39,57.96,Wells Gray,1,CARISMA
T03,247.02,50.37,-52.51,57.92,Vulcan,1,CARISMA
C03,248.89,58.77,-53.20,66.61,Fort Chipewyan,1,CARISMA
C04,251.74,50.06,-46.46,58.57,Gull Lake,1,CARISMA
C05,264.54,52.03,-28.88,62.52,Little Grand Rapids,1,CARISMA
C06,247.03,53.35,-53.47,60.91,Ministik Lake,1,CARISMA
C07,233.31,65.26,-76.20,69.77,Norman Wells,1,CARISMA
C10,245.79,47.66,-53.20,54.93,Polson,1,CARISMA
C08,264.92,45.87,-27.61,56.51,Osakis,1,CARISMA
C09,264.71,54.93,-29.08,65.33,Oxford House,1,CARISMA
C11,263.64,48.03,-29.69,58.50,Thief River Falls,1,CARISMA
C12,256.20,49.69,-40.44,59.03,Weyburn,1,CARISMA
C01,276.10,42.42,-11.21,53.60,Ann Arbor,1,CARISMA
T15,275.31,46.48,-12.25,57.62,Bay Mills,1,THEMIS
T16,240.20,39.19,-57.14,45.12,Carson City,1,THEMIS
T17,287.87,44.95,6.04,55.03,Derby,1,THEMIS
T18,259.32,46.09,-35.51,55.97,Fort Yates,1,THEMIS
T19,245.33,47.61,-53.73,54.77,Hot Springs,1,THEMIS
T20,281.62,40.18,-3.37,51.10,Loysburg,1,THEMIS
T21,257.41,43.08,-37.60,52.62,Pine Ridge,1,THEMIS
T22,227.05,56.81,-77.43,60.17,Petersburg,1,THEMIS
T23,274.86,43.66,-12.98,54.85,Remus,1,THEMIS
T24,271.30,44.82,-18.23,55.95,Shawano,1,THEMIS
T25,241.07,45.14,-57.90,51.35,Ukiah,1,THEMIS
T26,242.15,34.20,-53.74,40.45,San Gabriel,1,THEMIS
T27,242.32,34.38,-53.60,40.66,Table Mountain,1,THEMIS
T28,299.54,53.30,23.23,61.20,Goose Bay,1,THEMIS
T29,291.60,58.10,13.56,67.43,Kuujjuaq,1,THEMIS
T30,285.58,49.81,3.36,60.13,Chibougamau,1,THEMIS
T31,280.80,56.50,-3.35,67.11,Sanikiluaq,1,CANMOS
T32,277.68,49.39,-8.57,60.40,Kapuskasing,1,THEMIS
T33,259.06,53.99,-37.38,63.72,Flin Flon/The Pas,1,THEMIS
T34,249.33,64.73,-56.07,72.34,Ekati,1,THEMIS
T35,249.14,63.60,-55.54,71.25,Snap Lake,1,THEMIS
T36,246.69,54.71,-54.39,62.20,Athabasca,2,THEMIS,AUTUMN
T37,237.17,53.81,-65.31,59.31,Prince George,1,THEMIS
T38,224.78,61.01,-81.96,63.90,White Horse,2,THEMIS,AUTUMN
T39,209.58,62.24,-96.47,62.14,Trapper Creek,1,THEMIS
T40,204.40,62.95,-101.14,61.94,McGrath,1,THEMIS
T41,199.56,66.97,-107.62,65.32,Kiana,1,THEMIS
T42,254.74,55.20,-43.87,64.20,La Ronge,2,THEMIS,AUTUMN
T43,245.70,50.87,-54.28,58.15,Priddis,1,THEMIS
IZN,29.73,40.50,102.15,35.31,Iznik,1,INTERMAGNET
PAG,24.18,47.49,98.08,43.16,Panagjurishte,3,GFZ,INTERMAGNET,SEGMA
HOR,15.60,77.00,109.62,74.19,Hornsund,1,IMAGE
SAH,234.77,71.98,-82.65,76.24,Sachs Harbour,1,CARISMA
E01,23.86,41.35,96.72,35.99,Nevrokopi,1,ENIGMA
E02,21.97,39.45,94.71,33.39,Klokotos,1,ENIGMA
E03,24.10,38.63,96.59,32.51,Kimi,1,ENIGMA
E04,23.93,38.08,96.36,31.76,Dionyssos,1,ENIGMA
E05,22.95,36.72,95.29,29.79,Velies,1,ENIGMA
BRD,260.03,49.87,-35.14,59.83,Brandon,1,CANMOS
EUA,274.10,80.00,-36.09,88.40,Eureka,1,CANMOS
ARS,58.57,56.43,131.76,52.36,Arti,1,INTERMAGNET
CKI,96.84,-12.19,167.83,-22.55,Cocos-Keeling Islands,2,INTERMAGNET,AUS
CNH,124.86,44.08,-162.48,38.23,Changchun,1,INTERMAGNET
CYG,126.85,36.37,-160.85,30.10,Cheongyang,1,INTERMAGNET
DLT,108.48,11.94,-179.95,4.43,Dalat,2,INTERMAGNET,BCMT
DUR,14.28,41.39,88.05,35.47,Duronia,1,INTERMAGNET
GAN,73.15,0.69,144.66,-7.89,Gan,1,INTERMAGNET
JAI,75.80,26.92,148.24,21.05,Jaipur,1,INTERMAGNET
KHB,134.69,47.61,-153.11,41.36,Khabarovsk,1,INTERMAGNET
ORC,315.26,-60.74,19.67,-47.64,Orcadas,1,INTERMAGNET
PEG,23.90,38.10,96.34,31.78,Pedeli,1,INTERMAGNET
PET,158.25,52.97,-133.35,46.38,Paratunka,1,GFZ
PIL,294.47,-31.40,4.29,-18.44,Pilar,1,INTERMAGNET
WMQ,87.71,43.81,160.08,39.00,Urumqi,1,INTERMAGNET
PG1,77.20,-85.50,33.54,-76.44,Antartica,2,THEMIS,MIST
PG2,57.96,-84.42,38.99,-75.03,Antartica,2,THEMIS,MIST
PG3,37.63,-84.81,36.57,-73.25,Antartica,2,THEMIS,MIST
PG4,12.25,-83.34,36.08,-70.41,Antartica,2,THEMIS,MIST
GNG,115.71,-31.36,-173.30,-43.65,Gingin,2,INTERMAGNET,AUS
BRZ,24.75,56.21,100.78,52.27,Birzai,1,EMMA
SUW,23.18,54.01,98.77,50.05,Suwalki,1,EMMA
SZC,19.61,52.91,95.36,49.00,Szczechowo,1,EMMA
ZAG,20.58,50.28,95.50,46.20,Zagorzyce,1,EMMA
VYH,18.84,48.49,93.53,44.28,Vyhne,1,EMMA
WIC,15.52,47.55,90.40,43.24,Conrad Observatorium,1,EMMA
CST,11.65,46.05,86.70,41.47,Castello Tesino,2,SEGMA,EMMA
P01,16.66,45.41,90.92,40.72,Lonjsko Polje,1,EMMA
RNC,12.08,43.97,86.62,38.85,Ranchio,2,SEGMA,EMMA
SUT,20.67,-32.40,85.00,-40.88,Sutherland,1,EMMA
A01,7.39,8.99,79.35,-1.37,Abuja,2,AMBER,MAGDAS
A02,2.93,36.85,77.53,27.89,Algeria,1,AMBER
A03,11.52,3.87,83.17,-4.32,Cameroon,1,AMBER
A04,39.46,14.28,111.13,6.04,Ethiopia,1,AMBER
A05,17.58,-19.20,86.62,-30.07,Namibia,1,AMBER
A06,355.87,5.33,68.10,-1.08,Abidjan,2,AMBER,MAGDAS
A07,346.34,9.58,59.90,-0.55,Conakry,1,AMBER
A08,125.40,7.00,-163.28,-0.56,Davao,2,AMBER,MAGDAS
A09,120.00,14.58,-168.56,7.33,Manila,1,AMBER
A10,319.50,-9.40,30.39,-7.03,Petrolina,1,AMBER
A11,311.55,-1.45,25.58,1.67,Belem,1,AMBER
A12,100.61,14.08,172.33,6.43,Bangkok,1,AMBER
A13,98.35,7.89,170.06,-0.33,Phuket,1,AMBER
GRK,29.38,60.27,106.12,56.34,Gorkovskaya,1,AARI
BBG,14.21,78.06,110.78,75.29,Barentsburg,1,AARI
PRG,76.23,-69.23,96.85,-74.40,Progress,1,AARI
NVL,11.83,-70.78,52.90,-62.65,Novolazorevskaya,1,AARI
WHS,224.90,60.70,-81.66,63.62,Whitehorse,2,CANMOS,THEMIS
T44,281.92,58.47,-1.40,68.91,Inukjuak,2,THEMIS,AUTUMN
T45,282.24,55.28,-1.15,65.83,Kuujjuarapik,2,THEMIS,AUTUMN
T46,282.71,60.05,0.04,70.35,Puvirnituq,2,THEMIS,AUTUMN
T47,284.35,62.20,3.03,72.24,Salluit,2,THEMIS,AUTUMN
T48,293.19,54.80,15.10,63.91,Schefferville,1,THEMIS
T49,293.73,50.22,14.94,59.25,Spet-lles,2,THEMIS,AUTUMN
T50,287.55,48.65,6.07,58.72,Saint-Fellicien,2,THEMIS,AUTUMN
T51,282.22,48.05,-1.80,58.77,Val-dOr,2,THEMIS,AUTUMN
T52,282.38,53.79,-1.06,64.37,Radisson,2,THEMIS,AUTUMN
T53,281.85,60.82,-1.32,71.14,Akulivik,2,THEMIS,AUTUMN
VNA,351.70,-70.70,40.94,-59.93,Neumayer Station III,1,INTERMAGNET
CUL,149.58,-30.28,-134.19,-39.70,Culgoora,2,AUS,MAGDAS
HOB,147.35,-42.88,-133.36,-53.89,Hobart,2,AUS,MAGDAS
TWN,146.82,-19.27,-139.27,-28.30,Townsville,2,AUS,MAGDAS
AMA,129.33,28.17,-158.87,21.37,Amami-Oshima,1,MAGDAS
ANC,282.85,-11.77,-5.47,0.81,Ancon,1,MAGDAS
ASB,142.17,43.46,-146.31,36.73,Ashibetu,1,MAGDAS
ASW,32.51,23.50,103.94,14.33,Aswan,1,MAGDAS
BCL,105.71,9.30,177.32,1.53,Bac_Lieu,1,MAGDAS
BKL,102.31,-3.86,173.90,-12.89,Bengkulu,1,MAGDAS
CDO,124.63,8.40,-164.04,0.89,CagayanDeOro,1,MAGDAS
CEB,123.91,10.36,-164.75,2.92,Cebu,1,MAGDAS
CKT,145.25,-15.48,-141.49,-24.38,Cooktown,1,MAGDAS
CMD,150.67,-34.06,-132.02,-43.65,Camden,1,MAGDAS
DES,39.12,-6.46,110.76,-15.43,Dal Es Salaam,1,MAGDAS
DRB,30.56,-29.48,96.40,-39.03,Durban,1,MAGDAS
EUS,321.57,-3.88,34.30,-3.91,Eusebio,1,MAGDAS
FYM,35.50,29.18,107.05,21.96,Fayum,1,MAGDAS
GSI,97.34,1.18,168.98,-7.65,Gunung Sitoli,1,MAGDAS
HLN,121.55,23.90,-166.73,17.10,Hualien,1,MAGDAS
HVD,91.67,48.01,164.16,43.38,Khovd,1,MAGDAS
ICA,284.25,-14.08,-4.10,-1.36,Ica,1,MAGDAS
ILR,4.68,8.50,76.73,-1.25,Ilorin,1,MAGDAS
JRS,281.70,0.00,-6.61,12.24,Alem Ecua,1,MAGDAS
JYP,140.70,2.51,-147.89,-5.28,Jayapura,1,MAGDAS
KPG,123.40,-10.20,-164.81,-19.06,Kupang,1,MAGDAS
KRT,13.02,33.37,85.83,23.27,Khartoum,1,MAGDAS
KUJ,131.23,33.06,-156.78,26.43,Kuju,1,MAGDAS
LAG,3.27,6.48,75.26,-1.72,Lagos,1,MAGDAS
LGZ,123.74,13.10,-164.89,5.75,Legazpi,1,MAGDAS
LKW,99.78,6.30,171.47,-1.98,Langkawi,1,MAGDAS
LSK,28.19,-15.23,98.66,-25.69,Lusaka,1,MAGDAS
LWA,104.06,-5.02,175.65,-14.06,Liwa,1,MAGDAS
MLB,145.18,-38.36,-137.38,-49.12,Melbourne,1,MAGDAS
MND,124.84,1.44,-163.75,-6.36,Manado Indon,1,MAGDAS
NAB,36.48,-1.16,108.31,-9.58,Nairobi,1,MAGDAS
PRP,119.40,-3.60,-169.02,-11.78,ParePare,1,MAGDAS
PTK,158.25,52.94,-133.34,46.34,St.Paratunka,1,MAGDAS
ROC,150.31,-23.19,-134.79,-32.12,Rockhampton,1,MAGDAS
SBH,116.07,6.02,-172.46,-1.57,Jayapura,1,MAGDAS
SCN,100.30,-0.55,171.92,-9.37,Sicincin,1,MAGDAS
TGG,121.76,17.66,-166.75,10.52,Tuguegarao,1,MAGDAS
TIR,76.95,8.48,148.92,0.55,Tirunelveli,1,MAGDAS
WAD,256.10,51.90,-41.08,61.20,Wadena,1,MAGDAS
G01,306.28,-29.72,13.19,-19.85,Santa Maria,1,MAGDAS
KLD,20.20,54.50,96.34,50.63,Kaliningrad,1,IZMIRAN
T54,283.15,39.10,-1.30,49.91,Laurel,1,THEMIS
T55,208.74,60.55,-96.23,60.24,Kenia College,1,THEMIS
T56,267.03,45.59,-24.53,56.44,Hrisis,1,THEMIS
T57,255.39,38.25,-39.42,47.34,Pblolo,1,THEMIS
T58,237.83,37.42,-59.16,42.85,Stfdford,1,THEMIS
BRN,132.41,47.80,-155.22,41.67,Baranov,1,THEMIS
PG0,88.68,-83.67,38.28,-78.25,PG0,2,THEMIS,MIST
PG5,5.71,-81.96,36.81,-68.95,PG5,2,THEMIS,MIST
HRP,275.30,49.20,-12.22,60.28,Hornepayne,1,THEMIS
LCL,252.90,51.00,-45.19,59.73,Lucky Lake,1,THEMIS
T59,207.60,57.79,-95.84,57.15,Kodkak,1,THEMIS
T60,210.40,66.63,-98.83,66.75,Toolik Lake,1,THEMIS
T61,284.56,37.88,0.55,48.58,Wlpsops Island,1,THEMIS
T62,26.41,65.90,106.22,62.29,Ranua,1,THEMIS
PKS,252.80,52.50,-45.73,61.20,ParkSite,1,THEMIS
FTN,237.20,58.90,-67.64,64.39,Fort Nelson,1,THEMIS
W01,147.21,-41.55,-133.98,-52.42,Launceston,1,BOM
W02,167.97,-29.03,-114.15,-35.64,Norfolk Island,1,BOM
W03,141.30,-2.70,-146.93,-10.79,Vanimo,1,BOM
W04,111.53,-66.28,159.21,-80.88,Casey2,1,BOM
W05,77.96,-68.58,100.14,-74.50,Davis2,1,BOM
NR2,24.65,60.50,102.20,56.70,Nurmijarvi2,1,IMAGE
CPL,78.90,17.30,151.15,10.24,Choutuppal,1,INTERMAGNET
TTB,311.49,-1.21,25.60,1.87,Tatuocca,1,INTERMAGNET
R01,267.78,38.90,-23.14,49.84,Missouri,1,MAGSTAR
R02,282.22,38.68,-2.67,49.59,Virginia,1,MAGSTAR
R03,266.27,44.90,-25.59,55.69,Hennepin,1,MAGSTAR
R04,254.76,40.01,-40.50,49.01,Boulder,1,MAGSTAR
R05,275.83,41.58,-11.63,52.78,Bluesky,1,MAGSTAR
R06,257.68,31.84,-35.72,41.22,Odessa,1,MAGSTAR
R07,266.34,47.13,-25.65,57.91,Sugarhills,1,MAGSTAR
R08,286.44,44.33,3.94,54.63,Atlas,1,MAGSTAR
R09,287.28,41.65,4.79,51.89,New Britain,1,MAGSTAR
R10,288.52,42.61,6.63,52.65,Haystack,1,MAGSTAR
SKD,66.78,66.57,141.58,62.45,Salekhard,1,IZMIRAN
BEY,70.00,73.30,147.00,68.70,Beliy Island,1,IZMIRAN
KHS,66.83,71.16,143.28,66.79,Kharasavey,1,IZMIRAN
GLK,44.47,40.94,116.66,36.41,Gyulagarak,1,IZMIRAN
KLI,39.52,60.86,115.13,56.83,Klimovskaya,1,IZMIRAN
KZN,48.74,55.93,122.35,51.80,Kazan,1,IZMIRAN
MHV,37.73,54.94,111.97,50.79,Mikhnevo,1,IZMIRAN
NAD,72.51,65.53,146.66,61.38,Nadym,1,IZMIRAN
WSE,33.10,66.55,112.06,62.78,White Sea,1,IZMIRAN
POD,90.03,61.58,163.04,57.25,Bor,1,IZMIRAN
TOP,13.18,56.09,90.96,52.56,Tormestorp,1,IMAGE
R11,290.40,44.30,9.46,54.00,Augusta,1,MAGSTAR
R12,242.30,47.50,-57.23,54.01,Grant,1,MAGSTAR
R13,256.30,40.20,-38.59,49.50,Pawnee,1,MAGSTAR